{
    "algo": "glm",
    "model_id": "GLM_grid_1_AutoML_20181214_170410_model_1",
    "coef": {
        "Intercept": 0.2502961920727387,
        "parental level of education.associate's degree": 0.1207070952873884,
        "parental level of education.bachelor's degree": -0.5634023119946442,
        "parental level of education.high school": 0.7175127649143564,
        "parental level of education.master's degree": -1.3727599812781486,
        "parental level of education.some college": 0.4328757893876911,
        "parental level of education.some high school": 0.6351802294125418,
        "race/ethnicity.group A": -1.2742700441043275,
        "race/ethnicity.group B": -0.3611322090093747,
        "race/ethnicity.group C": -1.19735101093403,
        "race/ethnicity.group D": -0.9306943296503682,
        "race/ethnicity.group E": 3.739170697961736,
        "gender.female": -6.536702873252218,
        "gender.male": 6.525948888123197,
        "lunch.free/reduced": -1.6282782561427331,
        "lunch.standard": 1.6300742544582256,
        "test preparation course.completed": -1.6439962852415346,
        "test preparation course.none": 1.6120063809594452,
        "reading score": 0.2596483835563836,
        "writing score": 0.6944337956860601
    },
    "coef_norm": {
        "Intercept": 65.45906651877391,
        "parental level of education.associate's degree": 0.1207070952873884,
        "parental level of education.bachelor's degree": -0.5634023119946442,
        "parental level of education.high school": 0.7175127649143564,
        "parental level of education.master's degree": -1.3727599812781486,
        "parental level of education.some college": 0.4328757893876911,
        "parental level of education.some high school": 0.6351802294125418,
        "race/ethnicity.group A": -1.2742700441043275,
        "race/ethnicity.group B": -0.3611322090093747,
        "race/ethnicity.group C": -1.19735101093403,
        "race/ethnicity.group D": -0.9306943296503682,
        "race/ethnicity.group E": 3.739170697961736,
        "gender.female": -6.536702873252218,
        "gender.male": 6.525948888123197,
        "lunch.free/reduced": -1.6282782561427331,
        "lunch.standard": 1.6300742544582256,
        "test preparation course.completed": -1.6439962852415346,
        "test preparation course.none": 1.6120063809594452,
        "reading score": 3.772661037267722,
        "writing score": 10.467085255452988
    }
}
