{
    "algo": "glm",
    "model_id": "GLM_grid_1_AutoML_20181214_171415_model_1",
    "coef": {
        "Intercept": 29.931577388309464,
        "Cabin.A10": 1.7889885595391946e-05,
        "Cabin.A14": 0.0,
        "Cabin.A16": 5.327157853594956e-05,
        "Cabin.A19": 0.0,
        "Cabin.A20": 5.621322818209506e-05,
        "Cabin.A23": 0.0001475026456284589,
        "Cabin.A24": 3.166271310578935e-06,
        "Cabin.A26": 7.68087552852573e-05,
        "Cabin.A31": 2.9691651567974238e-05,
        "Cabin.A32": 0.0,
        "Cabin.A34": -7.631909956211258e-05,
        "Cabin.A36": 2.6734436332794794e-05,
        "Cabin.A5": 0.00012099425832625229,
        "Cabin.A6": -5.649198070709256e-06,
        "Cabin.A7": 0.0,
        "Cabin.B101": 1.4884411775774374e-05,
        "Cabin.B102": 0.0,
        "Cabin.B18": -4.0979276281272954e-05,
        "Cabin.B19": 9.153730191711037e-05,
        "Cabin.B20": -3.485005689254223e-05,
        "Cabin.B22": 1.7948416865252497e-05,
        "Cabin.B28": 0.0001182883455132549,
        "Cabin.B3": 3.851613846067888e-05,
        "Cabin.B30": 0.00010333176879618606,
        "Cabin.B35": -3.4867773694174445e-05,
        "Cabin.B37": 8.269214322204722e-05,
        "Cabin.B38": 4.440655973215861e-05,
        "Cabin.B39": -2.3293176210617257e-05,
        "Cabin.B4": 4.148551137502664e-05,
        "Cabin.B41": 8.862051033656629e-05,
        "Cabin.B42": -3.21620133970793e-05,
        "Cabin.B49": -4.6637625874745653e-05,
        "Cabin.B5": -4.66912352423672e-05,
        "Cabin.B50": 6.119643623071419e-06,
        "Cabin.B51 B53 B55": 2.69055464202083e-05,
        "Cabin.B57 B59 B63 B66": -6.129397254674507e-05,
        "Cabin.B58 B60": 4.1682310639053914e-05,
        "Cabin.B69": 6.506113628236158e-05,
        "Cabin.B71": 3.1870833394493118e-06,
        "Cabin.B73": 2.2989628283484118e-07,
        "Cabin.B77": 9.066623362155633e-06,
        "Cabin.B78": 0.0,
        "Cabin.B79": -4.10019543856434e-05,
        "Cabin.B80": 8.270244184856701e-05,
        "Cabin.B82 B84": 4.7341847015639565e-05,
        "Cabin.B86": -1.7448276388726104e-05,
        "Cabin.B94": 2.9687505461474683e-05,
        "Cabin.B96 B98": -0.0029667820471973145,
        "Cabin.C101": 6.801713960750505e-05,
        "Cabin.C103": 8.272236865566226e-05,
        "Cabin.C104": 6.503572127098214e-05,
        "Cabin.C106": 0.0,
        "Cabin.C110": 0.0,
        "Cabin.C111": 2.2395825004853605e-07,
        "Cabin.C118": 2.0866114016057554e-05,
        "Cabin.C123": 3.5854612665811515e-05,
        "Cabin.C124": 4.588184624348547e-05,
        "Cabin.C125": 0.00011240031836647121,
        "Cabin.C126": 5.326258099683177e-05,
        "Cabin.C128": 0.0,
        "Cabin.C148": -1.1553694535135495e-05,
        "Cabin.C2": -2.600825820084216e-05,
        "Cabin.C22 C26": -9.666131572649664e-05,
        "Cabin.C23 C25 C27": 3.060888332004266e-05,
        "Cabin.C30": 7.38607865594883e-05,
        "Cabin.C32": 1.79030710889596e-05,
        "Cabin.C45": 2.3773742968866637e-05,
        "Cabin.C46": 1.7902229563344973e-05,
        "Cabin.C47": 0.0,
        "Cabin.C49": 5.9147528472945256e-05,
        "Cabin.C50": 7.682305607837811e-05,
        "Cabin.C52": -5.653591323911178e-06,
        "Cabin.C54": -1.7440320800462264e-05,
        "Cabin.C62 C64": -3.5116173995306126e-05,
        "Cabin.C65": -7.314932328705988e-05,
        "Cabin.C68": 8.297262902066085e-05,
        "Cabin.C7": 3.2032376772385824e-06,
        "Cabin.C70": -3.803744700390202e-05,
        "Cabin.C78": 5.0574003425804495e-05,
        "Cabin.C82": -8.604771310700454e-06,
        "Cabin.C83": 5.94018048476757e-05,
        "Cabin.C85": 2.3827038847277894e-05,
        "Cabin.C86": 5.91409311526677e-05,
        "Cabin.C87": 9.448274123482358e-05,
        "Cabin.C90": -1.74336660399223e-05,
        "Cabin.C91": 2.3793220986365072e-05,
        "Cabin.C92": 5.620339058094106e-05,
        "Cabin.C93": 3.878559060493399e-05,
        "Cabin.C95": 0.0,
        "Cabin.C99": 1.4960705479390185e-05,
        "Cabin.D": 1.5558461073915236e-05,
        "Cabin.D10 D12": -2.0362088448960307e-05,
        "Cabin.D11": 6.210109471154283e-05,
        "Cabin.D15": 6.125445603790608e-06,
        "Cabin.D17": 0.00010945319957239417,
        "Cabin.D19": 3.5591014498356534e-05,
        "Cabin.D20": 0.0001359863861968912,
        "Cabin.D21": 0.0,
        "Cabin.D26": 4.465884513684575e-05,
        "Cabin.D28": -4.09772779023019e-05,
        "Cabin.D30": -3.216331541636545e-05,
        "Cabin.D33": 5.326399876904857e-05,
        "Cabin.D35": 7.12266611502796e-05,
        "Cabin.D36": -1.717961253075335e-05,
        "Cabin.D37": 8.861638218281238e-05,
        "Cabin.D45": 0.0,
        "Cabin.D46": 5.029438923457703e-05,
        "Cabin.D47": -3.2117843744619925e-05,
        "Cabin.D48": 8.271282863433929e-05,
        "Cabin.D49": 0.0,
        "Cabin.D50": 9.152901512627192e-05,
        "Cabin.D56": 1.2065691610551935e-05,
        "Cabin.D6": -2.7241900266145204e-06,
        "Cabin.D7": 9.7453055920804e-05,
        "Cabin.D9": -2.6277904695771984e-05,
        "Cabin.E10": 6.205201607375707e-06,
        "Cabin.E101": -9.130325177720232e-07,
        "Cabin.E12": 5.325189852527073e-05,
        "Cabin.E121": -7.885848871936693e-05,
        "Cabin.E17": 6.208516366089788e-05,
        "Cabin.E24": 3.558262103813294e-05,
        "Cabin.E25": 1.7911976088359985e-05,
        "Cabin.E31": 4.737509882556189e-05,
        "Cabin.E33": -2.33043237522676e-05,
        "Cabin.E34": 2.9714438251541743e-05,
        "Cabin.E36": 2.4332658711576505e-07,
        "Cabin.E38": 0.00010331335023900626,
        "Cabin.E40": 3.262341898057928e-05,
        "Cabin.E44": 8.590789156636242e-05,
        "Cabin.E46": 7.091611935334822e-05,
        "Cabin.E49": 2.6776715734377974e-05,
        "Cabin.E50": -1.448034749966358e-05,
        "Cabin.E58": 5.029279546758096e-05,
        "Cabin.E63": 5.0296490049283624e-05,
        "Cabin.E67": 9.183501205824854e-05,
        "Cabin.E68": -3.507535986368593e-05,
        "Cabin.E77": 7.979726084389906e-05,
        "Cabin.E8": 9.089642977934756e-06,
        "Cabin.F E69": 0.0,
        "Cabin.F G63": 3.5647529283331626e-05,
        "Cabin.F G73": -3.2097395148661684e-05,
        "Cabin.F2": -0.0001613694343201144,
        "Cabin.F33": -7.972970633464351e-06,
        "Cabin.F38": 0.0,
        "Cabin.F4": -0.00016133345296319375,
        "Cabin.G6": -0.00017826421674908645,
        "Cabin.T": 0.0,
        "Embarked.C": 0.00041572167189854323,
        "Embarked.Q": -6.426151286361864e-05,
        "Embarked.S": -0.0003514631952074015,
        "Sex.female": -0.0012416368579228959,
        "Sex.male": 0.0012416378046750027,
        "PassengerId": 4.7813847336345e-06,
        "Survived": -0.003596861175424309,
        "Pclass": -0.011878087741678263,
        "SibSp": -0.0062102408163390525,
        "Parch": -0.006075768038415728,
        "Ticket": -9.448548634644196e-09,
        "Fare": 5.418240175260776e-05
    },
    "coef_norm": {
        "Intercept": 29.898848046009313,
        "Cabin.A10": 1.7889885595391946e-05,
        "Cabin.A14": 0.0,
        "Cabin.A16": 5.327157853594956e-05,
        "Cabin.A19": 0.0,
        "Cabin.A20": 5.621322818209506e-05,
        "Cabin.A23": 0.0001475026456284589,
        "Cabin.A24": 3.166271310578935e-06,
        "Cabin.A26": 7.68087552852573e-05,
        "Cabin.A31": 2.9691651567974238e-05,
        "Cabin.A32": 0.0,
        "Cabin.A34": -7.631909956211258e-05,
        "Cabin.A36": 2.6734436332794794e-05,
        "Cabin.A5": 0.00012099425832625229,
        "Cabin.A6": -5.649198070709256e-06,
        "Cabin.A7": 0.0,
        "Cabin.B101": 1.4884411775774374e-05,
        "Cabin.B102": 0.0,
        "Cabin.B18": -4.0979276281272954e-05,
        "Cabin.B19": 9.153730191711037e-05,
        "Cabin.B20": -3.485005689254223e-05,
        "Cabin.B22": 1.7948416865252497e-05,
        "Cabin.B28": 0.0001182883455132549,
        "Cabin.B3": 3.851613846067888e-05,
        "Cabin.B30": 0.00010333176879618606,