{
    "algo": "glm",
    "model_id": "GLM_grid_1_AutoML_20181214_173134_model_1",
    "coef": {
        "Intercept": 1.0109905645902626,
        "Cabin.A10": -0.13798663397658267,
        "Cabin.A14": -0.1324766100308764,
        "Cabin.A16": 0.03655076680348617,
        "Cabin.A19": -0.12944935961957724,
        "Cabin.A20": 0.17979883123699364,
        "Cabin.A23": 0.23232838348503296,
        "Cabin.A24": -0.12753155106604017,
        "Cabin.A26": 0.17834419701721443,
        "Cabin.A31": 0.1535905727749968,
        "Cabin.A32": -0.1333280566779799,
        "Cabin.A34": 0.11489598972514956,
        "Cabin.A36": -0.10938810708288564,
        "Cabin.A5": -0.08382965408783694,
        "Cabin.A6": 0.1504172917393945,
        "Cabin.A7": 0.0,
        "Cabin.B101": 0.07933088889067651,
        "Cabin.B102": -0.12354316836096764,
        "Cabin.B18": -0.025230054076809512,
        "Cabin.B19": -0.08325256388209251,
        "Cabin.B20": 0.13350073380911948,
        "Cabin.B22": 0.02530525236150157,
        "Cabin.B28": 0.057722517653374536,
        "Cabin.B3": 0.01135552858410619,
        "Cabin.B30": -0.09488487730520198,
        "Cabin.B35": -0.02518479164725074,
        "Cabin.B37": -0.10330121369865035,
        "Cabin.B38": -0.10516851742584699,
        "Cabin.B39": -0.011380426801941427,
        "Cabin.B4": 0.019123037514139934,
        "Cabin.B41": 0.19476119922367663,
        "Cabin.B42": -0.0011872014555901705,
        "Cabin.B49": 0.09307372369098228,
        "Cabin.B5": -0.03526357456753915,
        "Cabin.B50": 0.14239060421723282,
        "Cabin.B51 B53 B55": -0.027915115363716533,
        "Cabin.B57 B59 B63 B66": -0.026775761267046297,
        "Cabin.B58 B60": -0.1422988342918046,
        "Cabin.B69": 0.055800627148712416,
        "Cabin.B71": -0.11501688314402557,
        "Cabin.B73": 0.004125690780879779,
        "Cabin.B77": 0.011438238048448594,
        "Cabin.B78": -0.007085280228294133,
        "Cabin.B79": -0.015527134865641503,
        "Cabin.B80": 0.02323445985669595,
        "Cabin.B82 B84": -0.1256544020289569,
        "Cabin.B86": -0.16183910225863016,
        "Cabin.B94": -0.11004837344661304,
        "Cabin.B96 B98": -0.09499531835885411,
        "Cabin.C101": 0.07256434711464443,
        "Cabin.C103": 0.055306973218549,
        "Cabin.C104": 0.1894779318449995,
        "Cabin.C106": 0.15411487652398365,
        "Cabin.C110": 0.0,
        "Cabin.C111": -0.14509517666998953,
        "Cabin.C118": -0.13089786497932196,
        "Cabin.C123": -0.06184346987332819,
        "Cabin.C124": -0.18159191423590004,
        "Cabin.C125": 0.043101160274667726,
        "Cabin.C126": 0.1696474278665547,
        "Cabin.C128": -0.13048320398110544,
        "Cabin.C148": 0.13510516265527597,
        "Cabin.C2": -0.0887460424070769,
        "Cabin.C22 C26": -0.45731339872831767,
        "Cabin.C23 C25 C27": -0.101238463296581,
        "Cabin.C30": -0.09065554245427396,
        "Cabin.C32": -0.008228677668116092,
        "Cabin.C45": -0.016948763536109836,
        "Cabin.C46": -0.11287241044801273,
        "Cabin.C47": 0.13981829965391848,
        "Cabin.C49": -0.256818613837749,
        "Cabin.C50": 0.03358642913437543,
        "Cabin.C52": 0.23795203465227516,
        "Cabin.C54": -0.020907355298259173,
        "Cabin.C62 C64": -0.03400709842222002,
        "Cabin.C65": -0.14024480122136548,
        "Cabin.C68": -0.07397086809275336,
        "Cabin.C7": 0.0014152625135986792,
        "Cabin.C70": 0.114285787085575,
        "Cabin.C78": -0.08026922716653617,
        "Cabin.C82": -0.16990373057526206,
        "Cabin.C83": -0.05966245247050401,
        "Cabin.C85": 0.016386602583804324,
        "Cabin.C86": -0.11096933863818044,
        "Cabin.C87": -0.08036958167409809,
        "Cabin.C90": -0.012479386534283788,
        "Cabin.C91": -0.1305820785439623,
        "Cabin.C92": 0.13644322102632875,
        "Cabin.C93": 0.15337350256278287,
        "Cabin.C95": -0.15576163864204642,
        "Cabin.C99": 0.006547137675424892,
        "Cabin.D": -0.008630958256783245,
        "Cabin.D10 D12": 0.12702790681632103,
        "Cabin.D11": 0.05293931402197309,
        "Cabin.D15": -0.008073662748944267,
        "Cabin.D17": 0.06762858291898585,
        "Cabin.D19": 0.18443932801968077,
        "Cabin.D20": 0.060253405039565694,
        "Cabin.D21": 0.023019024934977136,
        "Cabin.D26": -0.1913178839839713,
        "Cabin.D28": -0.0027384414290999018,
        "Cabin.D30": -0.13431413383380236,
        "Cabin.D33": 0.17558256984836437,
        "Cabin.D35": 0.18134057260244643,
        "Cabin.D36": -0.01093226342622595,
        "Cabin.D37": 0.04968698814061177,
        "Cabin.D45": 0.15594371457211817,
        "Cabin.D46": -0.10387719217981375,
        "Cabin.D47": 0.002304510972106518,
        "Cabin.D48": -0.10781003591275365,
        "Cabin.D49": 0.0,
        "Cabin.D50": -0.08182615091306959,
        "Cabin.D56": 0.19894172615004876,
        "Cabin.D6": -0.12908859163710118,
        "Cabin.D7": 0.06927624290576241,
        "Cabin.D9": -0.006912746964699322,
        "Cabin.E10": 0.23340426417685062,
        "Cabin.E101": 0.07847663050107502,
        "Cabin.E12": 0.18326412181429544,
        "Cabin.E121": 0.2239659580257224,
        "Cabin.E17": 0.19016275405509225,
        "Cabin.E24": 0.1770080821745925,
        "Cabin.E25": 0.16729519609087093,
        "Cabin.E31": -0.09579338005243779,
        "Cabin.E33": 0.010119386961574823,
        "Cabin.E34": 0.013024912054336127,
        "Cabin.E36": -0.006017355003022768,
        "Cabin.E38": -0.07574730142370048,
        "Cabin.E40": -0.0022761642485609394,
        "Cabin.E44": -0.04077178539714007,
        "Cabin.E46": -0.09798846747548405,
        "Cabin.E49": 0.022922586308205786,
        "Cabin.E50": 0.14054370485712078,
        "Cabin.E58": -0.10230310620738957,
        "Cabin.E63": -0.10416381918914823,
        "Cabin.E67": -0.037936505770288585,
        "Cabin.E68": -0.004398289463479324,
        "Cabin.E77": -0.1895078995170451,
        "Cabin.E8": 0.030040993561977685,
        "Cabin.F E69": 0.08283943064126008,
        "Cabin.F G63": -0.0343948434294072,
        "Cabin.F G73": -0.06942398025119462,
        "Cabin.F2": 0.2595314759655635,
        "Cabin.F33": 0.0967756421291818,
        "Cabin.F38": -0.06996221534567575,
        "Cabin.F4": 0.16785951563978127,
        "Cabin.G6": -0.14631241847798515,
        "Cabin.T": 0.0,
        "Embarked.C": 0.02154821269206545,
        "Embarked.Q": 0.024462398062738994,
        "Embarked.S": -0.036425682729076383,
        "Sex.female": 0.2544330935403638,
        "Sex.male": -0.2445075040717927,
        "PassengerId": -1.413223417381037e-05,
        "Pclass": -0.1229716993406609,
        "Age": -0.005355890662380421,
        "SibSp": -0.04748080259264486,
        "Parch": -0.0118869337349372,
        "Ticket": -2.7253818166657506e-08,
        "Fare": 0.0005113282422631097
    },
    "coef_norm": {
        "Intercept": 0.5425748966091741,
        "Cabin.A10": -0.13798663397658267,
        "Cabin.A14": -0.1324766100308764,
        "Cabin.A16": 0.03655076680348617,
        "Cabin.A19": -0.12944935961957724,
        "Cabin.A20": 0.17979883123699364,
        "Cabin.A23": 0.23232838348503296,
        "Cabin.A24": -0.12753155106604017,
        "Cabin.A26": 0.17834419701721443,
        "Cabin.A31": 0.1535905727749968,
        "Cabin.A32": -0.1333280566779799,
        "Cabin.A34": 0.11489598972514956,
        "Cabin.A36": -0.10938810708288564,
        "Cabin.A5": -0.08382965408783694,
        "Cabin.A6": 0.1504172917393945,
        "Cabin.A7": 0.0,
        "Cabin.B101": 0.07933088889067651,
        "Cabin.B102": -0.12354316836096764,
        "Cabin.B18": -0.025230054076809512,
        "Cabin.B19": -0.08325256388209251,
        "Cabin.B20": 0.13350073380911948,
        "Cabin.B22": 0.02530525236150157,
        "Cabin.B28": 0.057722517653374536,
        "Cabin.B3": 0.01135552858410619,
        "Cabin.B30": -0.09488487730520198,
        "Cabin.B35": -0.02518479164725074,