,model_id,mean_residual_deviance,rmse,mse,mae,rmsle
0,StackedEnsemble_BestOfFamily_AutoML_20181214_173134,0.12841754492879764,0.35835393806793536,0.12841754492879764,0.263459720034479,0.2517868712761722
2,GBM_3_AutoML_20181214_173134,0.12988789020317135,0.3603996256978792,0.12988789020317135,0.2560845704851434,0.25405214111068497
8,XRT_1_AutoML_20181214_173134,0.1374811239500637,0.37078447102065065,0.1374811239500637,0.2510866585436457,0.2613371745756932
10,DeepLearning_grid_1_AutoML_20181214_173134_model_3,0.13834991134492644,0.3719541790932405,0.13834991134492644,0.2541779804004558,0.25663583727199285
21,GLM_grid_1_AutoML_20181214_173134_model_1,0.14594559472601096,0.3820282643025395,0.14594559472601096,0.2958665886677089,0.2698390681932141
24,DRF_1_AutoML_20181214_173134,0.14900750348891625,0.38601490060477744,0.14900750348891625,0.266785199514515,0.27628631215336225
