,model_id,mean_residual_deviance,rmse,mse,mae,rmsle
0,DRF_1_AutoML_20181214_152402,841.4267942744104,29.00735758862586,841.4267942744104,13.380483458933579,0.07929638796259482
